TIME,RGDP,HICP,M1,M3,LONFC,LOHH,LONFPS,CRNFPS,M12GDP,M32GDP,LONFC2GDP,LOHH2GDP,LONFPS2GDP,CRNFPS2GDP,LRNFCSPR,LRHHSPR,LRNFPSSPR,CRSPR,YC3M,YC1Y,YC2Y,YC3Y,YC2YW,YCEONIA,EATEDSPR,STP,HP,USDEUROXRATE,NEER,VSTOXX,FCIBME,FCIVAR,FCIIPA,FCIBBG,FCIGS,CISS,CISSnew,SRI,FC,OILPUSD,GAPPEURUSD,RAWMATPUSD,IP,UR,EMPL,RETTRADE,EUROCOIN,ESI,INDCONF,CSTRCONF,STOASSESS,BCI,CONCONF,RETCONF,SERVCONF,PMIMAN,PMICOMP,CAPUTILMANUF
1990Q1,1804547.17,58.65,23.45,29.57,1304063.315,1335500.397,2639563.712,4326.00,26.30,64.84,30.66,31.40,62.06,100.85,0.38,0.55,0.75,0.45,-0.14,,-0.25,-0.44,,,2.58,116.99,46.18,1.21,,,,,,,,0.13,0.04,0.139,0.848,19.39,2.82,59.33,81.79,7.91,125469.35,,,111.43,3.74,1.30,5.57,0.96,-2.59,1.74,,,,84.431
1990Q2,1812744.699,59.10,23.62,30.00,1347475.6,1368718.692,2716194.292,4423.00,26.01,64.59,31.10,31.59,62.68,101.29,1.03,1.55,1.52,0.43,0.41,,0.00,-0.36,,,2.08,120.23,47.35,1.22,,,,,,,,0.06,0.01,0.129,0.870,16.13,2.82,58.16,82.15,7.83,125780.17,,,110.13,2.21,0.09,5.60,0.78,-3.00,1.79,,,,84.525
1990Q3,1828762.717,59.71,24.14,30.65,1390924.156,1391283.918,2782208.074,4519.00,26.09,64.78,31.52,31.52,63.04,101.22,0.88,1.52,1.46,0.25,0.62,,0.08,-0.27,,,1.88,108.02,48.51,1.31,,,,,,,,0.09,0.07,0.047,0.819,25.42,2.82,57.75,82.33,7.77,125972.10,,,108.50,0.82,-0.64,5.50,0.56,-4.92,2.77,,,,85.055
1990Q4,1839905.609,60.53,24.45,31.30,1443163.891,1417421.638,2860585.53,4652.00,25.99,65.09,32.17,31.59,63.76,103.22,0.51,1.12,1.13,0.32,0.25,,0.07,-0.30,,,1.83,93.73,49.29,1.36,,,,,,,,0.09,0.09,0.107,0.658,30.57,2.82,57.99,82.54,7.76,126231.27,,,104.73,-1.81,-5.34,7.67,0.21,-7.48,2.70,,,,84.514
1991Q1,1852668.575,61.09,24.68,31.91,1483816.796,1443261.824,2927078.62,4737.00,25.68,64.95,32.37,31.48,63.85,102.50,0.52,1.12,1.04,0.48,-0.31,,-0.11,-0.36,,,1.69,96.94,50.52,1.31,,,,,,,,0.12,0.18,0.128,0.702,19.59,3.39,57.37,83.43,7.75,126408.96,,,97.83,-9.48,-8.99,10.51,-0.73,-9.41,-4.75,,,,83.168
1991Q2,1858127.745,61.63,24.89,32.40,1523730.035,1470745.728,2994475.762,4842.00,25.46,64.82,32.68,31.54,64.22,103.40,0.86,1.61,1.44,0.24,-0.20,,-0.07,-0.24,,,1.14,106.97,51.46,1.17,,,,,,,,0.06,0.04,0.101,0.740,18.41,3.38,59.21,82.62,7.81,126501.90,,,96.10,-10.99,-18.64,13.08,-0.93,-8.12,-4.39,,,,82.705
1991Q3,1856807.93,62.49,25.08,33.05,1560002.304,1495658.874,3055661.178,4958.00,25.35,65.32,33.05,31.68,64.73,103.78,0.83,1.56,1.38,0.50,-0.17,,-0.15,-0.30,,,1.07,104.12,52.23,1.20,,,,,,,,0.06,0.09,0.108,0.602,19.49,2.98,60.60,81.97,7.96,126562.60,,,93.83,-11.74,-18.46,13.82,-0.99,-10.63,-4.30,,,,81.842
1991Q4,1875276.01,63.05,25.29,33.72,1597126.001,1522168.361,3119294.362,5072.00,24.97,65.11,33.05,31.50,64.56,105.38,0.60,1.39,1.20,0.65,-0.62,,-0.30,-0.44,,,1.05,100.65,53.10,1.27,,,,,,,,0.08,0.04,0.044,0.568,19.99,2.70,59.63,82.89,8.09,126480.94,,,93.80,-12.49,-17.51,14.25,-1.02,-9.97,-3.30,,,,81.631
1992Q1,1903633.737,63.66,25.40,34.23,1624861.377,1548700.595,3173561.972,5179.00,24.49,64.54,32.84,31.30,64.15,105.07,0.51,1.13,0.97,0.73,-1.11,,-0.41,-0.46,,,1.07,106.41,53.72,1.25,,,,,,,,0.08,0.09,0.020,0.581,17.48,2.55,59.92,83.52,8.19,126277.38,,,92.63,-12.93,-19.54,14.32,-1.09,-10.73,-5.34,,,,81.130
1992Q2,1889058.123,64.23,25.75,35.04,1648652.792,1574199.658,3222852.45,5291.00,24.79,65.97,33.27,31.77,65.05,106.14,0.46,1.04,0.90,0.98,-1.14,,-0.51,-0.52,,,1.05,108.45,54.13,1.29,,,,,,,,0.06,0.05,0.014,0.517,19.66,2.49,61.64,82.33,8.41,125969.49,,,89.27,-14.83,-25.11,15.28,-1.25,-12.56,-12.04,,,,79.300
1992Q3,1882950.391,64.61,25.95,35.76,1680350.337,1604531.322,3284881.659,5387.00,24.85,66.97,33.73,32.21,65.94,106.36,-0.10,0.22,0.18,1.26,-1.75,,-0.80,-0.87,,,2.08,97.21,54.41,1.41,,,,,,,,0.12,0.22,-0.030,0.417,19.98,2.56,60.61,80.19,8.74,125286.22,,,83.67,-19.72,-29.98,17.67,-1.56,-13.82,-21.42,,,,78.901
1992Q4,1879997.124,65.13,26.45,36.39,1707072.086,1626877.124,3333949.21,5476.00,25.17,67.74,34.06,32.46,66.52,108.28,0.07,0.16,0.34,0.81,-1.21,,0.11,-0.08,,,2.25,96.52,54.65,1.24,,,,,,,,0.16,0.30,-0.075,0.352,18.97,2.64,59.99,78.90,9.07,124798.62,,,75.17,-27.53,-35.62,21.33,-2.17,-17.28,-23.18,,,,77.411
1993Q1,1867236.181,65.84,26.54,36.94,1711085.26,1649365.402,3360450.662,5590.00,25.09,68.30,33.91,32.69,66.60,109.24,0.03,0.29,0.30,0.47,-1.15,,0.29,0.27,,,2.24,106.22,54.84,1.20,74.21,,,,,,,0.09,0.11,-0.046,0.348,17.95,2.75,62.77,77.62,9.69,124474.91,,,72.53,-29.46,-36.95,22.91,-2.45,-18.81,-27.10,,,,76.254
1993Q2,1868577.027,66.35,26.90,37.61,1714806.393,1673026.088,3387832.481,5644.00,25.19,68.86,33.66,32.84,66.50,109.88,1.01,1.47,1.35,0.33,0.02,,0.68,0.62,,,1.30,110.69,55.33,1.21,76.11,,,,,,,0.06,0.02,-0.104,0.348,18.02,2.68,76.40,76.56,10.17,124034.72,,,73.43,-29.09,-37.98,23.88,-2.50,-17.81,-21.72,,,,76.075
1993Q3,1875509.769,66.86,27.27,37.99,1725011.582,1703482.141,3428493.722,5704.00,25.26,68.82,33.50,33.08,66.58,109.92,0.83,1.70,1.27,0.51,-0.14,,0.79,0.72,,,1.29,122.31,55.63,1.15,75.10,,,,,,,0.07,0.06,-0.060,0.410,16.23,2.64,77.91,76.57,10.52,123730.91,,,73.97,-27.16,-41.40,22.82,-2.30,-18.61,-20.44,,,,75.540
1993Q4,1881233.331,67.29,28.08,38.67,1724793.429,1734751.47,3459544.898,5765.00,25.76,69.37,33.17,33.36,66.53,110.91,0.94,1.64,1.31,0.53,-0.08,,0.72,0.76,,,1.04,130.63,55.91,1.13,76.84,,,,,,,0.05,0.01,-0.067,0.457,15.16,2.61,73.86,77.26,10.83,123490.47,,,79.30,-21.19,-38.60,18.12,-1.84,-18.44,-19.94,,,,75.967
1994Q1,1898714.444,67.86,28.83,39.15,1726789.681,1765973.103,3492762.784,5788.00,26.03,69.12,32.68,33.42,66.10,109.58,1.09,1.79,1.44,0.41,0.13,0.54,0.65,0.69,,,0.96,138.51,56.12,1.13,78.97,,,,,,,0.08,0.02,-0.094,0.467,13.84,2.40,71.64,78.25,11.01,123278.55,,,85.83,-14.56,-35.44,13.59,-1.20,-16.07,-20.57,,,,77.267
1994Q2,1910494.953,68.23,29.13,39.45,1728574.033,1795099.285,3523673.318,5833.00,25.97,68.76,32.30,33.54,65.84,109.68,1.52,2.40,1.97,0.13,1.49,1.42,1.12,0.87,,,1.08,136.08,56.29,1.18,83.64,,,,,,,0.05,0.02,-0.121,0.378,16.18,2.36,78.92,80.06,11.09,123351.02,,,94.43,-7.78,-31.24,10.12,-0.53,-10.23,-19.56,,,,78.278
1994Q3,1922525.766,68.70,29.39,39.67,1741064.899,1825769.176,3566834.075,5896.00,25.84,68.20,32.09,33.65,65.74,109.09,1.56,2.78,2.19,0.10,2.35,1.68,1.29,0.92,,,1.37,131.92,56.55,1.22,87.63,,,,,,,0.05,0.02,-0.154,0.302,17.03,2.45,79.89,80.80,10.97,123437.30,,,100.60,-2.64,-25.28,6.26,-0.06,-7.89,-17.22,,,,79.593
1994Q4,1938616.794,69.09,29.56,39.85,1736676.058,1858198.559,3594874.617,6002.00,25.60,67.49,31.53,33.73,65.26,110.26,1.65,3.04,2.37,0.10,2.63,1.81,1.38,0.89,,,1.23,127.29,56.64,1.24,89.14,,,,,,,0.05,0.03,-0.142,0.226,16.50,2.56,75.39,82.71,10.98,123511.36,,,104.43,2.55,-21.91,4.15,0.51,-7.71,-18.11,,,,80.630
1995Q1,1949197.785,69.62,29.69,40.10,1777595.77,1895017.765,3672613.535,6040.00,25.38,67.03,31.86,33.96,65.82,109.09,1.23,2.70,1.99,0.20,2.38,1.59,1.58,1.16,,,1.83,124.88,56.87,1.29,92.06,,,,,,,0.03,0.03,-0.213,0.246,17.22,2.66,77.51,83.00,10.84,124246.45,83.76,,103.57,2.96,-25.58,3.62,0.74,-8.65,-18.31,,,,81.426
1995Q2,1960748.777,70.06,29.94,40.50,1799222.657,1921221.607,3720444.264,6127.00,25.21,66.71,31.77,33.92,65.69,109.63,1.06,2.05,1.57,0.12,1.79,1.56,1.73,1.34,,,2.54,128.84,57.04,1.34,94.49,,,,,,,0.03,0.04,-0.197,0.306,18.14,2.72,78.24,83.33,10.76,124420.58,84.28,,104.70,-0.32,-29.16,5.83,0.53,-7.70,-20.45,19.69,,,81.989
1995Q3,1965617.594,70.45,30.31,41.06,1813365.44,1949704.216,3763069.656,6185.00,25.26,66.90,31.68,34.06,65.73,108.94,1.31,2.35,1.85,-0.03,1.82,1.65,1.84,1.49,,,2.29,135.08,57.41,1.32,95.16,,,,,,,0.04,0.01,-0.165,0.414,16.46,2.79,72.00,83.20,10.89,124532.33,84.60,,102.37,-4.67,-30.49,9.43,0.10,-8.57,-16.51,20.12,,,81.927
1995Q4,1972048.348,70.83,30.88,41.76,1831370.651,1988604.024,3819974.675,6214.00,25.51,67.45,31.71,34.43,66.14,108.86,1.05,2.02,1.55,-0.26,1.65,1.69,2.11,1.83,,,2.49,133.31,57.59,1.32,96.48,,,,,,,0.04,0.01,-0.205,0.431,16.91,2.74,72.56,82.94,10.97,124670.69,84.04,,96.87,-8.78,-33.68,12.75,-0.33,-10.91,-22.71,14.08,,,81.481
1996Q1,1975681.533,71.38,31.27,42.40,1849892.95,2017104.887,3866997.836,6289.00,25.70,68.14,31.87,34.75,66.62,108.68,1.48,2.52,2.02,-0.31,2.01,2.04,2.18,1.87,,,2.19,144.77,58.05,1.28,96.40,,,,,,,0.04,0.01,-0.233,0.513,18.30,2.73,72.88,82.54,10.94,124725.35,84.03,,93.17,-14.23,-37.84,16.33,-0.86,-12.62,-16.93,13.21,,,80.069
1996Q2,1989612.375,71.78,31.78,42.78,1868027.343,2043164.994,3911192.338,6359.00,25.85,68.06,31.85,34.84,66.70,109.46,1.63,2.87,2.28,-0.30,2.40,2.34,2.43,2.03,,,1.80,152.02,58.16,1.25,95.61,,,,,,,0.04,0.01,-0.193,0.522,19.41,2.91,74.51,82.39,11.05,124806.58,84.16,,91.90,-15.53,-37.85,17.66,-1.08,-12.49,-13.73,10.99,,,79.853
1996Q3,2000202.251,71.96,32.37,43.24,1885240.686,2077253.049,3962493.735,6426.00,26.08,68.14,31.85,35.09,66.94,109.48,1.60,2.84,2.25,-0.44,2.28,2.18,2.25,2.01,,,1.74,149.41,58.51,1.28,97.41,,,,,,,0.06,0.01,-0.233,0.551,20.76,2.79,73.34,82.64,11.03,124996.96,84.37,,94.03,-13.74,-38.00,15.40,-0.92,-12.54,-14.78,14.06,,,79.815
1996Q4,2009520.472,72.30,33.37,43.65,1904202.112,2122243.098,4026445.21,6513.00,26.70,68.30,31.94,35.60,67.54,110.68,1.57,2.84,2.24,-0.48,1.89,1.94,2.13,1.86,,,1.41,160.35,58.88,1.26,96.66,,,,,,,0.06,0.02,-0.212,0.631,23.21,2.95,72.60,82.98,11.01,125159.94,83.80,,98.13,-11.06,-37.65,12.59,-0.70,-12.93,-11.77,21.46,,,79.367
1997Q1,2014376.761,72.79,33.96,44.00,1924523.321,2155129.134,4079652.455,6637.00,26.99,68.37,32.06,35.90,67.95,111.34,1.39,2.66,2.06,-0.65,1.76,1.83,1.89,1.67,,,1.24,184.03,58.64,1.17,93.12,,,,,,,0.06,0.02,-0.139,0.669,20.99,2.87,73.21,83.96,10.98,125262.64,84.37,,101.00,-7.33,-36.07,9.83,-0.41,-12.14,-13.39,22.38,,,80.342
1997Q2,2038829.177,72.85,34.44,44.47,1950539.563,2198956.412,4149495.975,6733.00,26.98,68.11,32.02,36.10,68.13,112.35,1.38,2.68,2.07,-0.74,1.89,1.83,1.93,1.66,,,1.15,199.41,59.39,1.14,91.25,,,,,,,0.05,0.02,-0.094,0.774,18.39,2.76,73.41,85.54,11.02,125398.42,84.90,,103.23,-4.51,-35.54,8.91,0.01,-11.31,-12.90,24.74,58.76,,81.422
1997Q3,2055776.935,73.19,35.36,45.09,1952635.692,2253185.466,4205821.158,6826.00,27.30,68.09,31.60,36.47,68.07,112.48,1.34,2.58,2.00,-0.63,1.49,1.40,1.47,1.23,,,1.09,225.56,59.48,1.10,88.83,,,,,,,0.07,0.03,-0.016,0.811,18.56,2.68,67.39,86.82,10.90,125731.02,84.57,,106.37,-0.26,-35.23,6.34,0.47,-8.91,-14.94,25.36,56.49,,81.909
1997Q4,2078708.002,73.49,36.14,45.62,1999149.561,2307858.711,4307008.271,6888.00,27.49,67.86,31.88,36.80,68.68,112.62,1.29,2.58,1.98,-0.16,1.17,1.09,1.16,0.93,,,0.75,220.73,60.01,1.12,92.92,,,,,,,0.05,0.04,0.007,0.760,18.74,2.65,58.59,88.02,10.82,126251.74,85.42,,109.07,1.85,-31.57,5.60,0.70,-8.09,-8.77,27.78,58.30,,82.200
1998Q1,2092017.977,73.55,36.71,46.09,2037731.123,2355658.785,4393389.907,7030.00,27.65,67.90,32.18,37.20,69.38,112.99,1.27,2.54,1.95,-0.14,0.91,0.97,1.00,0.84,,,0.67,254.30,59.97,1.08,92.90,,,,,,,0.04,0.02,0.177,0.828,14.07,2.63,54.53,89.06,10.64,126861.08,86.60,,111.33,2.82,-26.93,5.64,0.81,-7.55,-6.09,32.36,57.14,,82.414
1998Q2,2101319.96,73.80,37.77,46.77,2070450.914,2409769.862,4480220.776,7128.00,28.17,68.23,32.37,37.68,70.06,113.64,1.25,2.51,1.93,0.13,0.93,0.88,0.83,0.66,,,0.45,302.66,60.51,1.10,94.50,,,,,,,0.06,0.01,0.213,0.865,13.34,2.52,52.00,89.50,10.58,127351.10,87.07,,110.50,1.29,-23.76,6.86,0.71,-6.45,-6.90,31.38,57.73,,83.163
1998Q3,2114111.178,73.96,38.29,47.34,2115496.817,2464264.758,4579761.575,7236.00,28.32,68.48,32.80,38.21,71.02,114.06,1.17,2.43,1.85,0.44,0.62,0.66,0.80,0.72,,,0.43,294.96,61.03,1.13,97.81,,,,,,,0.10,0.11,0.136,0.855,13.00,2.37,50.32,89.37,10.41,127919.95,87.92,,110.70,-1.84,-17.07,8.37,0.41,-4.67,-5.24,33.28,54.11,55.86,82.900
1998Q4,2116616.882,74.04,39.32,47.90,2168190.279,2521298.403,4689488.682,7349.00,28.90,68.85,33.41,38.85,72.26,115.50,1.08,2.35,1.76,0.53,0.52,0.68,0.85,0.76,,,0.10,268.84,61.79,1.17,102.10,,,,,,,0.17,0.26,0.225,0.856,11.85,2.15,52.61,88.84,10.26,128433.21,88.36,,107.57,-8.33,-17.31,11.74,-0.24,-3.79,-6.77,32.87,48.93,52.34,81.816
1999Q1,2140072.46,74.10,41.51,48.75,2187841.533,2612033.438,4799874.97,7471.00,30.17,69.29,33.34,39.80,73.13,115.30,1.22,2.55,1.94,-0.04,0.90,0.95,0.95,0.82,0.99,0.91,0.00,305.14,62.44,1.12,100.07,33.60,,,0.32,0.21,0.98,0.14,0.15,0.227,0.892,11.79,1.99,53.76,88.98,10.01,128979.32,88.93,0.58,104.73,-10.22,-12.49,13.19,-0.55,-4.25,-18.37,29.10,50.51,52.38,81.008
1999Q2,2149658.794,74.49,42.37,49.38,2242275.365,2676120.272,4918395.637,7689.00,30.58,69.70,33.93,40.49,74.42,117.40,1.42,2.82,2.18,-0.13,1.62,1.50,1.36,1.14,1.38,1.62,0.00,318.39,63.12,1.06,96.36,24.89,,,0.36,0.74,1.16,0.06,0.05,0.258,0.824,16.11,1.89,55.26,89.44,9.89,129365.91,88.95,0.72,103.33,-9.00,-10.83,12.67,-0.51,-6.19,-16.58,23.32,54.13,55.12,81.240
1999Q3,2174084.735,74.78,43.37,50.09,2275715.663,2739961.95,5015677.612,7867.00,30.89,69.76,33.98,40.91,74.89,118.40,1.72,3.26,2.56,0.07,2.35,1.86,1.55,1.21,1.60,2.55,0.00,323.58,64.23,1.05,95.62,25.01,,,0.18,-0.19,1.10,0.06,0.18,0.319,0.768,20.65,2.09,57.33,90.75,9.73,129849.20,89.30,0.94,106.37,-4.04,-10.14,9.67,0.01,-4.92,-14.09,22.58,57.28,58.31,81.788
1999Q4,2199408.203,75.16,44.00,50.60,2332126.166,2795453.585,5127579.75,8066.00,30.88,69.46,34.31,41.13,75.44,120.90,1.44,2.91,2.25,0.23,1.89,1.59,1.24,0.95,1.32,2.48,0.00,354.24,65.00,1.04,94.49,24.61,,,0.34,-0.11,1.37,0.07,0.19,0.393,0.755,23.74,2.55,57.94,92.29,9.55,130291.91,90.82,1.16,112.93,1.22,-5.21,6.38,0.54,-2.76,-11.80,31.50,59.87,59.98,82.165
2000Q1,2226464.474,75.59,45.78,51.49,2406864.328,2865100.426,5271964.754,8224.00,31.63,69.55,34.85,41.49,76.34,120.90,1.58,3.09,2.41,0.18,2.08,1.51,1.11,0.84,1.20,2.32,0.00,429.43,66.21,0.99,91.26,29.18,3.48,2.51,0.46,0.18,2.46,0.07,0.19,0.460,0.813,26.67,3.44,58.35,92.97,9.28,131206.18,90.83,1.26,116.47,4.11,-2.59,4.49,0.85,-1.92,-3.09,34.10,59.09,59.67,82.743
2000Q2,2246992.461,75.90,46.17,51.98,2459275.772,2910682.473,5369958.244,8399.00,31.49,69.32,35.16,41.61,76.77,121.70,1.23,2.58,1.97,0.58,1.16,0.70,0.56,0.40,0.62,1.45,0.00,430.94,67.03,0.93,88.47,26.62,4.39,2.36,0.37,0.21,2.55,0.16,0.28,0.422,0.814,26.76,3.61,58.75,95.13,9.05,131826.62,91.73,1.18,116.07,6.53,-0.56,3.10,1.15,-2.43,-1.12,29.56,62.04,61.77,83.716
2000Q3,2259497.426,76.45,46.30,52.26,2543345.679,2959125.182,5502470.861,8647.00,31.25,68.97,35.98,41.86,77.84,123.30,1.09,2.36,1.79,0.76,0.70,0.25,0.21,0.15,0.25,0.98,0.00,430.61,67.83,0.91,87.20,21.09,4.70,2.12,0.32,-0.11,2.57,0.13,0.16,0.449,0.750,29.84,4.00,56.15,95.90,8.89,132439.23,92.13,1.02,115.20,6.42,-0.67,3.53,1.14,-3.03,-6.78,29.48,59.38,59.99,83.978
2000Q4,2274853.603,76.92,46.42,52.61,2595507.203,3015343.164,5610850.367,8870.00,30.96,68.61,36.28,42.15,78.44,125.90,0.86,2.07,1.53,0.84,0.25,0.18,0.27,0.23,0.31,0.47,0.00,403.90,68.72,0.87,85.61,25.86,5.32,1.89,0.29,-0.32,2.50,0.14,0.19,0.396,0.686,29.65,4.38,53.17,97.03,8.66,133108.86,93.00,0.75,114.13,4.86,-1.15,4.98,1.03,-3.24,-7.44,28.86,55.92,56.61,84.221
2001Q1,2297657.345,77.09,46.73,53.42,2654593.212,3068941.478,5723534.69,9041.00,30.61,68.43,36.45,42.14,78.59,125.60,0.86,2.03,1.50,0.69,0.24,0.44,0.53,0.45,0.62,0.11,0.00,372.40,69.62,0.92,90.84,23.99,3.62,1.33,0.16,-0.26,2.10,0.13,0.21,0.286,0.742,26.07,4.60,50.82,97.00,8.44,133559.73,94.00,0.58,110.07,0.25,-2.71,8.63,0.67,-3.35,-4.20,23.52,53.82,54.19,84.047
2001Q2,2299333.113,77.84,47.55,54.35,2698337.473,3116634.474,5814971.947,9195.00,30.95,69.19,36.82,42.53,79.35,126.60,0.92,2.05,1.54,0.44,0.60,0.75,0.76,0.67,0.87,0.42,0.00,360.83,70.41,0.87,88.65,23.25,4.36,1.33,0.19,0.01,2.20,0.10,0.23,0.193,0.600,26.74,4.39,49.06,96.10,8.38,133657.11,94.03,0.44,103.10,-6.13,-5.72,12.49,0.10,-5.47,-9.19,16.55,49.55,51.62,83.095
2001Q3,2301659.677,78.18,48.30,55.49,2735798.624,3158411.421,5894210.045,9365.00,31.19,70.07,37.03,42.75,79.78,127.30,0.98,2.20,1.65,0.36,0.85,1.05,1.05,0.95,1.11,0.75,0.00,312.11,71.23,0.89,90.40,31.01,3.77,0.45,-0.02,-0.79,1.65,0.17,0.17,0.144,0.539,25.28,3.78,47.61,95.57,8.39,134026.70,94.20,0.16,99.07,-9.87,-8.85,13.40,-0.36,-7.15,-10.60,11.38,47.62,49.78,82.027
2001Q4,2304043.8,78.36,49.23,56.69,2761007,3201145.407,5962152.407,9551.00,31.51,70.96,37.05,42.95,80.00,129.50,1.25,2.57,1.97,0.39,1.37,1.53,1.33,1.11,1.40,1.18,0.00,298.97,72.10,0.90,91.05,34.35,3.87,0.71,0.05,-0.88,1.75,0.24,0.17,0.081,0.559,19.31,3.46,45.11,93.97,8.47,134239.53,94.60,0.07,92.20,-14.44,-11.23,14.39,-0.83,-7.95,-13.12,-3.52,44.29,46.43,80.571
2002Q1,2306893.53,79.04,49.88,57.44,2794176.025,3257908.31,6052084.335,9758.00,31.66,71.31,37.18,43.36,80.54,130.70,1.44,2.76,2.16,0.42,1.77,1.50,1.12,0.88,1.27,1.84,0.00,307.38,73.64,0.88,90.02,25.73,4.03,0.69,0.08,-0.54,1.79,0.19,0.10,0.035,0.527,20.92,3.02,46.21,94.67,8.49,134801.52,94.37,0.23,97.03,-10.25,-11.47,12.76,-0.64,-7.07,-12.55,4.74,50.49,51.43,80.334
2002Q2,2319026.073,79.47,50.98,58.39,2813749.336,3311782.163,6125531.498,9851.00,32.11,71.93,37.16,43.73,80.89,131.40,1.47,2.84,2.22,0.46,1.81,1.36,1.07,0.77,1.21,1.92,0.00,292.76,74.88,0.92,92.60,27.07,2.94,-0.06,-0.13,-0.52,1.16,0.15,0.04,-0.013,0.502,25.20,2.85,48.82,95.50,8.58,134979.65,94.87,0.37,97.63,-7.19,-13.07,11.11,-0.39,-8.91,-13.80,4.71,53.41,53.10,80.815
2002Q3,2327779.355,79.82,52.20,59.40,2831297.81,3365431.437,6196729.247,9982.00,32.50,72.34,36.96,43.93,80.89,131.40,1.29,2.63,2.03,0.47,1.40,1.32,1.27,0.99,1.30,1.43,0.00,228.08,75.96,0.98,96.86,49.70,1.59,-1.73,-0.32,-1.86,0.48,0.21,0.12,-0.106,0.506,26.94,3.01,53.52,95.57,8.73,135130.26,95.63,0.21,94.17,-8.46,-17.28,10.53,-0.51,-10.29,-12.82,-3.63,51.71,51.20,81.328
2002Q4,2333071.864,80.14,53.70,60.63,2859086.696,3422113.481,6281200.177,10095.00,33.25,73.42,37.11,44.42,81.53,132.60,1.22,2.52,1.94,0.23,1.43,1.54,1.54,1.28,1.56,1.30,-0.01,212.42,76.86,1.00,98.18,46.12,1.30,-1.96,-0.28,-1.29,0.43,0.18,0.13,-0.140,0.496,26.65,3.33,54.05,95.20,8.88,135239.73,95.43,0.07,92.17,-8.75,-19.03,10.68,-0.40,-12.96,-12.46,-5.14,51.13,50.74,81.229
2003Q1,2325649.003,80.86,54.99,62.04,2894577.939,3481724.856,6376302.795,10214.00,33.93,74.85,37.43,45.03,82.46,132.50,1.37,2.47,2.16,0.01,1.47,1.61,1.62,1.44,1.65,1.36,0.00,193.03,78.03,1.07,103.15,45.68,-0.11,-2.61,-0.36,-1.16,-0.12,0.15,0.12,-0.174,0.434,31.33,3.67,55.38,95.83,9.07,135842.98,95.33,-0.01,91.57,-9.52,-15.18,9.94,-0.49,-15.47,-15.34,-3.95,51.03,49.74,80.532
2003Q2,2327532.889,81.01,56.67,63.49,2912197.004,3532099.865,6444296.869,10343.00,34.73,76.08,37.41,45.37,82.78,133.80,1.40,2.54,2.23,-0.19,1.60,1.72,1.63,1.42,1.69,1.50,-0.02,204.45,79.15,1.14,107.07,32.28,-1.13,-2.24,-0.30,-0.31,-0.09,0.13,0.13,-0.123,0.541,26.51,4.04,55.25,94.73,9.14,136088.60,95.47,-0.03,91.67,-11.57,-14.68,10.36,-0.85,-14.38,-15.33,-2.44,48.72,48.23,80.568
2003Q3,2339723.403,81.42,58.14,64.30,2935818.226,3604654.439,6540472.665,10485.00,35.20,76.13,37.26,45.74,83.00,134.10,1.39,2.54,2.20,-0.23,2.03,1.96,1.68,1.39,1.74,2.09,0.00,221.76,80.25,1.12,106.22,26.66,-0.90,-1.64,-0.28,0.08,0.11,0.09,0.05,-0.107,0.578,28.38,4.00,55.98,94.97,9.13,136285.14,95.57,0.20,94.17,-10.07,-14.98,10.57,-0.76,-13.34,-13.53,2.36,50.34,51.30,80.963
2003Q4,2357149.144,81.76,59.67,65.22,2956045.766,3673783.593,6629829.359,10606.00,35.80,76.52,37.18,46.20,83.38,135.20,1.34,2.52,2.19,-0.34,2.22,2.00,1.74,1.45,1.80,2.35,0.00,233.00,81.56,1.19,109.02,23.82,-1.85,-1.63,-0.36,0.44,-0.06,0.07,0.04,-0.053,0.620,29.37,3.92,58.92,96.70,9.18,136551.93,95.63,0.61,97.97,-6.11,-14.00,8.58,-0.33,-12.67,-11.92,6.88,54.01,55.64,81.122
2004Q1,2368881.641,82.26,61.16,65.95,2983958.451,3745480.216,6729438.667,10751.00,36.31,76.56,37.13,46.61,83.74,135.10,1.36,2.61,2.27,-0.43,2.09,2.01,1.84,1.52,1.86,2.11,-0.02,251.67,82.58,1.25,111.58,20.55,-2.41,-1.07,-0.26,0.49,0.12,0.08,0.02,-0.046,0.662,32.12,3.87,59.49,96.93,9.36,136482.58,96.53,0.81,98.57,-5.40,-12.87,8.48,-0.26,-12.16,-10.59,7.78,54.52,55.39,80.879
2004Q2,2383400.112,82.88,62.34,66.80,3025993.902,3826078.245,6852072.147,10897.00,36.56,76.62,37.20,47.04,84.25,136.10,1.33,2.39,2.15,-0.44,2.27,2.07,1.80,1.44,1.84,2.29,-0.02,249.71,84.15,1.20,109.06,20.81,-1.77,-1.09,-0.31,0.53,0.07,0.07,0.03,-0.024,0.638,35.60,3.96,60.55,97.80,9.33,136890.32,96.80,0.75,99.57,-2.97,-11.63,6.82,0.09,-12.56,-10.98,6.66,55.98,55.51,81.221
2004Q3,2389106.41,83.27,63.66,67.88,3063254.413,3905471.173,6968725.586,11082.00,37.12,77.41,37.45,47.74,85.19,136.40,1.29,2.43,2.15,-0.40,2.09,1.86,1.60,1.31,1.64,2.13,-0.01,244.02,85.63,1.22,109.91,18.48,-2.02,-1.33,-0.34,0.58,0.05,0.06,0.03,0.049,0.664,40.52,4.34,59.34,97.80,9.33,137361.71,96.67,0.68,99.73,-2.89,-13.71,7.37,0.20,-12.05,-10.37,7.57,55.85,54.96,81.956
2004Q4,2398251.672,83.62,65.16,69.20,3114909.11,3981792.477,7096701.587,11267.00,37.66,78.21,37.74,48.24,85.98,138.10,1.25,2.24,2.02,-0.34,1.68,1.53,1.43,1.23,1.47,1.76,0.01,258.97,87.33,1.30,112.79,15.76,-2.71,-1.03,-0.34,0.85,0.02,0.06,0.02,0.057,0.722,42.68,4.93,58.97,97.87,9.35,137808.59,97.37,0.54,99.70,-2.99,-11.24,8.22,0.21,-11.71,-11.41,7.46,52.28,52.67,81.684
2005Q1,2403552.785,83.96,67.07,70.30,3159174.321,4065172.305,7224346.626,11440.00,38.52,78.96,38.04,48.94,86.98,138.70,1.23,2.19,1.99,-0.24,1.53,1.35,1.22,1.01,1.21,1.59,0.00,276.09,88.83,1.31,112.26,13.05,-2.46,-0.53,-0.25,1.11,0.27,0.07,0.01,0.132,0.789,46.24,5.49,61.02,98.13,9.25,138514.95,98.23,0.50,98.97,-5.31,-10.39,9.79,0.02,-10.86,-10.46,7.64,52.80,52.99,80.988
2005Q2,2417859.839,84.54,68.62,71.62,3224073.634,4157882.561,7381956.195,11684.00,38.99,79.59,38.40,49.52,87.93,141.10,1.20,2.12,1.91,-0.17,1.29,1.22,1.20,1.01,1.19,1.34,0.00,280.07,90.21,1.26,109.69,13.81,-1.54,-0.12,-0.15,1.04,0.58,0.10,0.03,0.209,0.815,50.79,5.89,63.17,98.83,9.28,138946.36,98.30,0.21,97.20,-8.33,-9.09,12.03,-0.33,-12.42,-10.25,8.97,50.42,52.05,80.755
2005Q3,2435605.613,85.20,70.87,73.43,3285667.093,4252255.14,7537922.233,11897.00,39.82,80.68,38.70,50.08,88.78,141.50,1.18,2.04,1.83,-0.10,1.13,1.06,1.05,0.90,1.04,1.19,-0.01,303.28,91.64,1.22,107.71,14.33,-0.73,0.54,-0.03,1.14,0.87,0.08,0.02,0.317,0.822,59.98,6.52,65.74,99.20,9.15,139192.78,98.73,0.15,99.20,-5.38,-7.50,9.24,-0.07,-12.84,-8.98,10.03,52.78,53.41,81.452
2005Q4,2451255.98,85.54,72.30,74.44,3377079.976,4361977.682,7739057.658,12062.00,40.07,80.67,39.23,50.68,89.91,142.50,1.08,1.83,1.64,0.05,1.08,0.79,0.76,0.64,0.77,1.28,0.04,315.06,93.36,1.19,106.39,14.94,-0.80,0.67,-0.04,1.06,0.85,0.10,0.01,0.393,0.853,56.55,7.41,67.00,100.67,9.07,139953.51,99.40,0.41,102.23,-2.32,-3.76,7.72,0.28,-11.89,-6.53,13.32,54.95,55.37,81.574
2006Q1,2472949.824,85.91,73.73,75.85,3490464.105,4466496.693,7956960.798,12451.00,40.39,81.26,40.08,51.29,91.37,145.00,1.02,1.75,1.57,0.11,0.95,0.61,0.54,0.46,0.56,1.15,0.07,347.49,94.35,1.20,106.40,14.83,-0.32,0.54,-0.05,1.02,0.85,0.09,0.03,0.534,0.876,61.03,7.97,71.44,101.47,8.87,140849.57,99.83,0.64,105.10,0.58,-2.41,6.79,0.61,-9.74,-2.92,14.06,57.30,57.60,81.504
2006Q2,2500197.849,86.58,75.45,77.88,3594039.214,4566367.418,8160406.632,12686.00,40.64,82.04,40.58,51.56,92.14,146.50,1.02,1.64,1.50,0.09,1.16,0.74,0.64,0.52,0.67,1.40,0.13,348.60,96.32,1.26,109.25,18.60,-0.95,-0.86,-0.29,0.76,0.31,0.11,0.04,0.478,0.837,68.31,8.27,75.58,103.27,8.57,141482.26,100.70,0.61,107.73,3.84,-0.35,5.04,1.03,-9.47,-1.58,16.58,59.63,59.39,82.847
2006Q3,2514632.199,87.05,75.96,79.33,3705513.39,4658893.91,8364407.3,12864.00,40.47,82.65,41.38,52.03,93.42,145.80,0.98,1.54,1.43,0.20,0.75,0.35,0.37,0.31,0.39,1.01,0.10,350.18,97.94,1.27,110.31,17.94,-0.95,-0.95,-0.28,0.81,0.31,0.09,0.03,0.519,0.831,68.79,8.69,75.90,103.73,8.33,141994.08,100.87,0.69,108.97,4.98,1.28,3.49,1.16,-8.97,0.04,16.59,58.63,57.84,83.984
2006Q4,2544206.983,87.05,77.31,81.32,3818367.852,4752898.253,8571266.106,13067.00,40.48,83.27,41.91,52.17,94.09,146.50,0.95,1.29,1.24,0.31,0.27,0.00,0.13,0.13,0.14,0.48,0.12,383.38,99.08,1.29,110.31,14.69,-0.64,-1.05,-0.27,0.94,0.29,0.05,0.01,0.528,0.878,59.02,8.96,75.01,104.77,8.11,142739.13,102.07,0.65,110.73,7.11,2.65,2.86,1.36,-7.97,0.50,18.13,58.13,57.50,84.014
2007Q1,2559965.746,87.53,78.88,83.84,3935062.362,4851077.085,8786139.446,13322.00,40.74,84.67,42.60,52.51,95.11,147.00,0.92,1.28,1.22,0.24,0.26,-0.01,0.14,0.12,0.18,0.47,0.06,402.76,100.17,1.31,110.95,16.58,-0.54,-1.36,-0.33,1.02,0.14,0.09,0.03,0.531,0.845,57.23,8.51,79.23,106.27,7.89,143482.34,102.07,0.77,110.57,6.93,1.71,3.57,1.38,-7.18,-0.54,18.29,57.48,57.54,83.662
2007Q2,2578012.055,88.25,79.97,86.14,4080813.713,4929466.87,9010280.583,13651.00,40.83,86.00,43.67,52.75,96.42,149.00,0.91,1.18,1.15,0.25,0.36,0.05,0.15,0.12,0.18,0.55,0.08,428.94,101.10,1.35,112.05,17.26,-0.36,-1.75,-0.38,1.00,0.01,0.07,0.01,0.542,0.761,66.13,8.00,80.95,106.70,7.62,144356.74,102.47,0.89,110.90,6.65,1.11,3.81,1.45,-5.98,1.24,18.19,56.57,57.19,84.489
2007Q3,2589733.048,88.70,81.05,88.58,4229659.274,5012846.905,9242506.179,13917.00,40.98,87.57,44.82,53.12,97.95,149.10,0.74,0.95,0.97,0.32,-0.03,-0.18,0.22,0.18,0.25,0.42,0.53,416.36,102.10,1.37,112.57,23.67,-0.61,-1.97,-0.50,-1.04,-0.21,0.24,0.15,0.526,0.700,73.50,8.34,81.67,107.97,7.54,144996.65,102.70,0.87,108.93,5.09,0.34,4.62,1.30,-7.43,0.19,16.51,55.91,56.52,84.721
2007Q4,2603146.473,89.56,81.58,91.22,4380079.449,5083948.38,9464027.829,14365.00,40.68,88.96,45.79,53.15,98.94,152.50,0.68,0.85,0.87,0.52,-0.38,-0.34,0.31,0.28,0.35,0.39,0.90,417.64,102.85,1.45,115.16,21.03,-0.62,-2.64,-0.61,-1.74,-0.38,0.30,0.17,0.468,0.587,87.61,9.37,83.25,108.43,7.42,145477.65,102.37,0.65,105.93,4.73,-2.28,5.65,1.21,-10.98,-1.99,13.25,53.40,54.02,84.465
2008Q1,2616139.974,90.44,81.73,93.13,4522848.778,5155854.317,9678703.095,14626.00,40.40,90.02,46.86,53.42,100.29,153.30,0.84,1.08,1.09,0.72,-0.33,-0.33,0.59,0.56,0.63,0.09,0.68,361.20,103.86,1.50,117.24,28.72,-1.61,-3.24,-0.77,-2.06,-1.02,0.48,0.44,0.384,0.461,95.31,10.86,89.51,109.20,7.37,146067.00,102.20,0.37,102.50,2.53,-5.93,6.54,1.01,-13.95,-3.01,10.45,53.27,52.12,83.807
2008Q2,2607433.037,91.45,81.75,94.90,4641343.152,5214692.873,9856036.024,14859.00,40.32,91.53,47.99,53.92,101.91,154.90,0.63,0.74,0.81,1.02,-0.36,-0.55,0.26,0.25,0.34,0.51,0.97,355.64,104.14,1.56,120.10,22.19,-2.27,-3.89,-0.89,-2.46,-1.38,0.44,0.36,0.351,0.316,120.97,12.40,94.74,107.97,7.50,146148.39,101.60,0.07,97.40,-2.13,-9.66,8.19,0.58,-16.85,-8.03,6.87,51.12,50.77,83.552
2008Q3,2593758.721,92.09,81.51,96.43,4741133.147,5265401.941,10006535.09,15154.00,40.34,93.32,49.19,54.63,103.81,156.30,0.69,0.89,0.94,1.25,-0.38,-0.76,0.28,0.26,0.31,0.30,0.84,309.75,103.53,1.50,117.61,26.51,-2.91,-3.10,-0.87,-3.91,-1.56,0.43,0.40,0.300,0.211,115.68,14.62,93.30,105.50,7.65,146071.17,101.07,-0.45,89.90,-8.59,-15.42,10.50,-0.08,-19.87,-13.85,-1.67,46.16,47.60,82.892
2008Q4,2547071.271,91.59,84.08,98.52,4814090.221,5289740.064,10103830.28,15178.00,42.20,96.70,50.65,55.66,106.31,157.10,0.93,1.54,1.41,2.15,-0.05,-0.18,1.27,1.04,1.24,0.87,2.47,228.53,102.49,1.32,114.76,57.95,-3.24,-1.98,-0.89,-8.73,-1.84,0.74,0.89,0.216,0.207,56.00,15.75,82.52,98.57,8.12,145356.13,100.73,-1.43,77.17,-25.36,-24.94,17.66,-1.64,-21.07,-19.92,-11.92,34.52,40.24,81.103
2009Q1,2467465.983,91.34,86.43,98.36,4819698.425,5304472.436,10124170.86,15287.00,44.60,99.27,52.14,57.38,109.52,159.70,1.48,2.93,2.47,1.89,2.14,1.93,2.25,1.75,2.04,2.50,1.14,200.16,101.09,1.30,118.79,45.28,-3.71,-2.48,-0.92,-4.57,-2.27,0.74,0.85,0.150,0.173,44.11,11.94,79.96,89.27,9.06,143618.51,98.80,-1.97,69.87,-34.93,-31.99,20.54,-2.94,-22.02,-20.25,-20.37,31.85,37.59,73.714
2009Q2,2467597.763,91.58,88.90,98.78,4786947.345,5326128.722,10113076.07,15289.00,45.95,99.85,51.87,57.71,109.58,162.10,1.58,3.16,2.61,1.25,2.87,2.51,2.54,2.00,2.35,3.19,0.62,220.58,99.60,1.36,119.66,35.01,-2.72,-2.69,-0.64,-2.24,-1.88,0.64,0.63,0.117,0.189,59.19,8.18,81.92,88.17,9.61,142487.01,98.60,-1.15,74.33,-31.11,-34.42,17.47,-3.08,-18.62,-17.42,-19.20,41.11,43.23,69.768
2009Q3,2477357.364,91.75,91.77,98.69,4750401.642,5353735.602,10104137.24,15304.00,47.22,99.32,51.24,57.75,108.99,163.30,1.75,3.47,2.84,0.58,3.08,2.61,2.59,2.02,2.43,3.42,0.52,247.56,99.23,1.43,120.99,28.23,-1.68,-2.71,-0.30,-1.39,-1.39,0.48,0.39,0.083,0.260,68.21,6.91,81.58,90.17,9.88,141749.42,98.33,-0.04,84.13,-22.69,-31.71,11.41,-2.46,-14.20,-12.84,-9.89,50.77,49.52,70.391
2009Q4,2487734.476,91.95,94.28,98.44,4718752.052,5386402.273,10105154.33,15337.00,48.21,98.43,50.58,57.74,108.32,164.70,1.84,3.39,2.85,0.42,3.12,2.60,2.47,1.98,2.33,3.30,0.35,268.07,99.70,1.48,122.49,26.32,-1.64,-3.07,-0.14,-0.89,-1.36,0.38,0.33,0.017,0.345,75.50,7.81,87.69,91.43,10.13,141569.15,98.90,0.52,90.97,-16.17,-29.78,6.97,-1.89,-11.46,-10.89,-3.81,54.59,53.62,72.170
2010Q1,2498283.879,92.43,96.18,98.25,4705995.66,5418545.049,10124540.71,15405.00,48.91,97.69,50.16,57.76,107.92,164.70,1.74,3.35,2.80,0.21,3.40,2.84,2.56,2.12,2.38,3.33,0.38,267.73,99.67,1.38,116.62,24.04,-1.07,-1.13,0.00,-0.58,-0.93,0.28,0.20,-0.043,0.300,77.06,8.84,90.73,93.33,10.26,141730.64,99.00,0.29,93.90,-11.82,-29.63,3.88,-1.37,-13.20,-8.39,0.27,57.58,54.42,72.807
2010Q2,2522640.907,93.02,97.83,98.68,4702694.196,5444864.567,10147558.76,15506.00,49.21,97.07,49.59,57.41,107.00,165.00,1.75,3.20,2.72,0.41,3.16,2.59,2.04,1.86,2.19,3.21,0.50,261.50,100.35,1.27,109.92,31.60,-0.88,0.78,-0.06,-1.02,-0.62,0.33,0.39,-0.128,0.283,78.18,7.51,96.92,95.93,10.32,141532.45,99.37,0.22,97.30,-5.68,-28.39,1.78,-0.53,-15.23,-5.26,3.93,58.41,56.58,76.140
2010Q3,2533465.019,93.31,98.50,99.25,4725083.623,5470880.782,10195964.41,15577.00,49.10,96.76,49.38,57.17,106.55,163.90,1.73,3.05,2.57,0.50,2.64,2.11,1.74,1.29,1.93,2.91,0.62,259.54,100.62,1.29,109.51,27.22,-0.87,0.56,-0.08,-1.11,-0.58,0.34,0.40,-0.169,0.301,75.51,8.26,99.34,96.80,10.20,141407.46,99.23,0.30,100.03,-1.75,-26.85,0.89,0.08,-13.03,-4.16,5.90,56.60,55.67,78.434
2010Q4,2548592.71,93.80,98.73,99.63,4742542,5507595,10250137,15737.00,48.81,96.32,49.15,57.08,106.23,164.60,1.76,2.83,2.45,0.38,2.69,2.19,1.76,1.24,1.89,3.08,0.54,273.36,101.32,1.36,111.92,23.12,-0.76,0.30,-0.19,-1.13,-0.80,0.27,0.31,-0.195,0.301,85.42,8.54,113.00,98.83,10.19,141621.79,99.37,0.35,102.13,1.06,-25.27,1.04,0.41,-12.16,-0.70,7.33,56.29,54.94,79.204
2011Q1,2571511.804,94.79,99.26,99.84,4769349.676,5534000.681,10303350.36,15741.00,48.55,95.51,48.91,56.75,105.66,162.90,1.81,3.01,2.56,0.43,3.21,2.57,1.79,1.02,2.21,3.54,0.53,285.67,101.43,1.37,111.35,22.84,-0.81,-0.49,-0.32,-0.53,-0.92,0.18,0.20,-0.216,0.227,99.75,9.45,130.23,99.80,10.10,141889.28,98.87,0.57,102.87,3.44,-23.72,0.37,0.77,-13.30,-0.78,7.52,59.74,57.59,79.678
2011Q2,2570718.342,95.47,99.29,100.08,4800130.848,5558356.322,10358487.17,15853.00,48.45,95.50,49.10,56.86,105.96,163.30,1.75,2.87,2.49,0.44,3.06,2.34,0.99,0.08,1.90,3.32,0.50,281.47,101.50,1.44,114.24,21.99,-1.18,-1.19,-0.45,-0.62,-1.18,0.18,0.27,-0.258,0.176,110.05,10.31,128.31,99.73,10.04,142267.48,98.57,0.50,101.73,2.39,-21.25,0.78,0.79,-14.49,-3.12,8.06,55.96,55.63,81.266
2011Q3,2574629.963,95.90,100.05,100.80,4815757.617,5569549.492,10385307.11,15981.00,48.58,95.73,49.02,56.70,105.72,162.80,1.72,2.76,2.43,0.73,2.72,2.17,-0.30,-0.70,1.82,3.15,0.75,236.63,101.44,1.41,113.00,37.08,-1.92,-0.44,-0.51,-3.64,-1.44,0.42,0.52,-0.316,0.143,103.07,10.88,120.87,99.73,10.29,141956.28,98.57,-0.03,96.87,-3.01,-21.29,5.17,0.33,-16.04,-8.56,4.66,49.57,50.30,80.795
2011Q4,2563947.441,96.50,100.71,101.11,4791862.031,5573987.486,10365849.52,16297.00,48.94,96.08,48.81,56.78,105.59,165.40,1.90,2.70,2.47,0.99,2.69,2.14,-4.25,-2.70,2.03,3.69,1.20,222.48,100.84,1.35,112.14,37.64,-1.66,0.11,-0.56,-4.46,-1.45,0.53,0.59,-0.301,0.098,103.16,11.42,108.75,98.80,10.67,141703.80,98.33,-0.46,92.30,-6.73,-23.18,6.83,-0.04,-18.26,-13.62,-0.20,46.45,47.23,80.185
2012Q1,2558641.417,97.36,101.61,102.22,4774526.279,5587016.343,10361542.62,16404.00,49.31,97.01,48.57,56.83,105.40,166.30,2.07,3.13,2.83,0.67,2.60,1.97,-6.78,-2.14,2.66,3.81,0.89,243.80,100.60,1.31,108.78,25.05,-0.89,1.06,-0.27,-2.55,-0.98,0.40,0.37,-0.246,0.104,112.52,11.51,106.68,98.10,11.00,141411.63,97.73,-0.33,92.00,-6.98,-22.47,5.88,-0.10,-17.95,-13.59,-1.78,49.83,49.60,79.188
2012Q2,2551451.052,97.84,102.31,102.91,4766286.253,5584810.828,10351097.08,16512.00,49.67,97.71,48.51,56.84,105.35,167.40,2.30,3.27,3.01,0.75,2.74,2.15,1.58,1.13,2.35,3.58,0.61,224.37,99.92,1.28,107.84,29.56,-1.23,1.73,-0.24,-2.00,-1.03,0.36,0.32,-0.307,0.079,102.83,11.52,103.22,97.70,11.35,141237.31,97.13,-0.29,90.63,-9.00,-23.25,6.19,-0.34,-18.30,-13.41,-3.12,45.16,46.36,79.704
2012Q3,2549174.568,98.31,104.98,103.85,4747595.052,5582631.623,10330226.67,16584.00,50.82,98.31,48.18,56.66,104.84,167.50,2.36,3.41,3.13,0.35,2.53,2.00,1.26,0.95,2.41,3.50,0.40,239.04,98.88,1.25,105.61,23.83,-0.52,2.37,-0.05,-0.88,-0.55,0.33,0.28,-0.342,0.104,102.77,11.13,97.14,97.57,11.55,141026.87,96.97,-0.53,87.17,-11.78,-25.37,7.57,-0.57,-19.68,-16.86,-6.95,44.57,46.31,79.253
2012Q4,2537661.941,98.74,107.12,104.83,4718248.969,5581991.614,10300240.58,16490.00,51.93,99.38,47.95,56.73,104.68,166.00,2.48,3.44,3.18,0.28,2.02,1.62,1.03,0.78,2.26,3.06,0.22,252.36,98.91,1.30,107.91,19.72,-0.26,1.67,0.00,0.10,-0.44,0.17,0.10,-0.354,0.141,101.93,11.73,98.32,95.50,11.91,140565.76,96.00,-0.32,86.07,-13.05,-28.40,6.97,-0.81,-20.88,-16.39,-7.38,45.70,46.51,78.349
2013Q1,2529182.752,99.14,108.52,105.24,4697542.046,5578043.12,10275585.17,16405.00,52.54,99.64,47.68,56.62,104.29,166.20,2.42,3.39,3.13,0.27,2.55,2.19,1.75,1.41,2.13,2.85,0.19,268.20,97.92,1.32,110.43,18.43,-0.12,1.07,0.00,0.22,-0.52,0.11,0.09,-0.365,0.123,105.09,11.84,97.29,95.63,12.18,140093.98,95.80,-0.26,88.73,-10.32,-25.51,5.66,-0.65,-19.51,-17.27,-5.83,47.74,47.65,77.569
2013Q2,2542261.763,99.25,110.46,105.72,4638259.403,5569680.183,10207939.59,16356.00,53.07,99.32,46.71,56.09,102.80,165.60,2.45,3.33,3.07,0.25,2.66,2.36,1.98,1.66,2.03,2.62,0.21,271.46,97.57,1.31,110.61,19.98,-0.02,0.93,0.11,0.23,-0.51,0.08,0.07,-0.403,0.145,99.32,12.36,94.86,96.73,12.14,140264.61,95.97,-0.27,88.77,-10.15,-26.41,6.18,-0.60,-18.82,-16.73,-6.58,48.39,47.76,78.386
2013Q3,2550134.14,99.59,112.17,106.03,4604368.777,5569735.444,10174104.22,16387.00,53.64,99.15,46.16,55.83,101.99,165.00,2.40,3.29,3.04,0.20,2.98,2.66,2.15,1.91,2.23,2.93,0.22,282.41,97.69,1.32,112.99,18.94,0.02,0.07,0.05,0.20,-0.77,0.05,0.04,-0.407,0.149,107.39,11.50,94.09,96.33,12.04,140354.42,96.50,-0.07,93.17,-6.23,-25.33,5.25,-0.17,-16.06,-10.24,-1.72,52.63,51.38,79.647
2013Q4,2557407.331,99.55,113.88,106.21,4568189.503,5565327.582,10133517.09,16333.00,54.27,98.99,45.64,55.60,101.24,163.50,2.48,3.30,3.04,0.24,2.97,2.69,2.47,2.15,2.26,2.75,0.20,304.97,97.65,1.36,114.78,16.88,0.59,-0.41,0.15,0.62,-0.62,0.04,0.02,-0.436,0.226,104.51,11.45,95.41,96.90,11.99,140302.93,96.57,0.27,96.57,-3.33,-24.78,3.89,0.08,-14.36,-7.15,1.58,53.60,51.90,79.712
2014Q1,2567699.808,99.80,114.93,106.48,4531974.802,5566342.793,10098317.6,16484.00,54.27,98.32,44.86,55.10,99.95,164.60,2.42,3.21,2.98,0.38,2.77,2.50,2.52,2.18,2.12,2.40,0.21,315.87,97.84,1.37,116.47,18.65,0.68,-0.68,0.17,0.49,-0.62,0.09,0.02,-0.434,0.256,103.65,11.26,95.66,97.17,11.94,140460.66,96.77,0.38,99.07,-2.28,-24.79,3.06,0.23,-12.29,-3.22,4.16,55.87,53.10,79.774
2014Q2,2572814.086,99.80,116.33,107.00,4520648.159,5566542.812,10087190.97,16609.00,54.77,98.51,44.62,54.94,99.55,165.20,2.32,3.10,2.88,0.39,2.18,1.91,2.08,1.83,1.82,1.96,0.27,326.47,98.31,1.37,116.08,16.01,0.99,-0.37,0.27,0.49,-0.36,0.07,0.01,-0.415,0.331,106.32,10.23,95.28,97.90,11.67,141079.74,97.13,0.31,99.27,-3.06,-26.31,3.78,0.17,-11.07,-3.00,5.20,54.53,53.45,80.326
2014Q3,2585522.688,99.90,118.70,108.23,4501338.82,5566218.324,10067557.14,16719.00,55.51,98.98,44.13,54.57,98.70,164.90,2.22,3.06,2.83,0.44,1.83,1.56,1.81,1.63,1.59,1.72,0.20,319.23,98.46,1.33,113.66,16.87,1.13,0.69,0.37,0.58,-0.08,0.10,0.01,-0.374,0.333,100.38,9.22,91.17,97.30,11.53,141351.40,97.23,0.28,97.67,-4.62,-25.61,5.45,0.08,-11.98,-6.09,4.70,51.56,52.77,80.644
2014Q4,2595047.665,99.73,121.79,109.50,4497415.343,5571783.771,10069199.11,16938.00,56.58,99.49,43.80,54.26,98.06,164.90,2.14,2.97,2.71,0.50,1.50,1.25,1.35,1.24,1.28,1.45,0.17,313.32,98.50,1.25,112.06,21.48,1.30,1.09,0.47,0.43,-0.05,0.11,0.02,-0.391,0.375,74.59,9.50,85.50,97.37,11.52,141649.98,98.27,0.14,97.37,-4.64,-24.81,6.50,0.07,-12.13,-6.82,4.38,51.20,51.54,80.408
2015Q1,2611199.401,99.68,125.35,110.75,4493507.835,5581321.597,10074829.43,17537.00,57.53,99.40,43.23,53.70,96.93,170.50,2.03,2.80,2.59,0.47,1.10,0.89,1.05,1.01,0.94,1.00,0.26,351.49,98.89,1.13,106.21,22.73,2.70,3.37,0.82,0.06,0.74,0.10,0.08,-0.348,0.493,51.57,8.60,84.04,99.47,11.29,141970.17,99.07,0.15,101.00,-2.49,-24.30,4.96,0.24,-8.13,-1.72,6.23,52.60,53.30,80.151
2015Q2,2623103.568,100.16,128.94,112.19,4497866.743,5601267.887,10099134.63,17536.00,58.71,99.89,42.93,53.46,96.39,169.30,2.01,2.72,2.51,0.47,1.29,1.11,1.29,1.20,1.26,1.30,0.29,373.57,99.68,1.10,104.00,23.05,2.77,3.44,0.79,-0.09,0.70,0.08,0.10,-0.293,0.469,60.45,6.71,85.11,100.00,11.07,142421.24,100.00,0.29,102.87,-1.36,-23.75,4.64,0.42,-7.40,0.56,8.77,53.40,53.90,81.156
2015Q3,2634630.924,100.09,132.26,113.40,4506293.169,5627066.24,10133359.41,17662.00,59.72,100.14,42.66,53.27,95.92,168.70,1.94,2.81,2.52,0.55,1.50,1.31,1.50,1.40,1.45,1.50,0.26,351.30,100.23,1.11,107.02,26.71,2.14,2.38,0.58,-0.26,0.23,0.15,0.20,-0.352,0.458,48.77,6.44,83.21,100.30,10.70,142869.39,100.57,0.43,103.17,-1.64,-21.53,5.91,0.40,-8.40,2.64,11.18,53.63,53.92,81.389
2015Q4,2646725.985,100.07,135.19,114.91,4522662.636,5647465.246,10170127.88,17723.00,60.69,100.87,42.56,53.14,95.70,167.20,1.98,2.86,2.55,0.55,1.27,1.09,1.31,1.23,1.30,1.29,0.28,348.80,101.20,1.09,107.08,23.41,2.53,2.79,0.68,-0.25,0.40,0.12,0.20,-0.341,0.484,42.21,5.54,80.78,100.27,10.59,143402.12,100.47,0.40,104.20,-1.98,-18.31,5.92,0.34,-7.08,3.69,12.13,54.04,54.13,81.189
2016Q1,2661051.263,99.72,138.31,116.42,4553841.4,5669779.386,10223620.79,17786.00,61.59,101.39,42.51,52.93,95.44,167.40,2.00,2.89,2.59,0.69,1.21,1.02,1.26,1.18,1.24,1.22,0.32,315.74,102.35,1.10,109.81,28.65,1.70,1.88,0.54,-0.65,-0.03,0.18,0.27,-0.325,0.566,32.72,4.09,78.52,101.50,10.40,144297.33,100.97,0.35,103.67,-2.13,-17.80,5.78,0.34,-7.61,1.65,11.18,52.92,53.23,80.939
2016Q2,2666913.684,100.07,140.77,117.72,4584064.708,5699723.074,10283787.78,17948.00,62.44,102.11,42.62,53.00,95.62,168.00,1.99,2.80,2.53,0.50,1.20,0.96,1.21,1.14,1.12,1.14,0.32,318.38,103.46,1.13,110.36,25.74,1.69,1.88,0.58,-0.53,0.04,0.16,0.21,-0.325,0.546,44.79,4.35,81.76,101.00,10.20,145049.49,101.07,0.35,103.80,-2.06,-17.32,5.26,0.32,-8.25,1.04,12.19,52.98,53.05,81.180
2016Q3,2680567.186,100.34,143.48,119.07,4601914.9,5729351.392,10331266.29,18086.00,63.18,102.53,42.48,52.88,95.36,167.80,1.93,2.70,2.46,0.42,0.95,0.71,1.04,0.96,0.95,0.87,0.44,320.52,104.65,1.12,110.41,20.76,1.82,1.86,0.62,-0.27,0.11,0.18,0.24,-0.306,0.548,44.68,4.33,80.56,101.23,9.93,145383.76,101.77,0.42,103.27,-1.82,-14.22,5.76,0.36,-8.51,-0.93,10.56,53.66,52.92,81.697
2016Q4,2700174.385,100.82,146.58,120.33,4630463.033,5761910.669,10392373.7,18191.00,64.00,102.75,42.38,52.74,95.12,167.00,1.94,2.60,2.39,0.33,1.41,1.17,1.47,1.32,1.31,1.22,0.50,331.65,105.77,1.08,109.76,19.39,2.01,1.94,0.59,-0.30,0.15,0.11,0.16,-0.292,0.496,49.06,5.48,79.95,102.63,9.80,145721.73,102.87,0.42,105.60,0.29,-11.57,4.76,0.52,-6.94,0.56,12.08,54.93,53.85,82.077
2017Q1,2719087.231,101.50,150.29,122.19,4666673.542,5805822.81,10472496.35,18319.00,64.97,103.30,42.29,52.61,94.90,167.60,1.92,2.64,2.42,0.25,1.73,1.50,1.79,1.58,1.60,1.50,0.51,357.10,106.83,1.06,108.81,15.51,2.51,2.21,0.61,-0.10,0.32,0.07,0.09,-0.284,0.446,52.95,5.73,83.79,102.33,9.55,146138.85,103.07,0.51,107.77,2.78,-8.68,3.93,0.81,-6.71,2.35,14.10,56.95,55.57,81.853
2017Q2,2739825.022,101.56,153.90,123.51,4679867.027,5847595.699,10527462.73,18287.00,65.70,103.11,41.88,52.33,94.22,166.00,1.93,2.68,2.43,0.18,1.50,1.30,1.54,1.42,1.48,1.40,0.50,381.52,107.92,1.10,110.33,16.51,2.71,1.38,0.55,-0.05,0.29,0.05,0.04,-0.252,0.527,49.41,4.99,81.22,103.33,9.21,147106.06,103.97,0.46,109.63,4.78,-3.66,2.57,1.07,-5.53,3.01,14.58,58.28,56.65,82.423
2017Q3,2761991.659,101.76,157.19,124.92,4720549.869,5884346.942,10604896.81,18349.00,66.43,103.25,41.82,52.13,93.96,164.60,1.89,2.74,2.44,0.07,1.45,1.28,1.53,1.39,1.52,1.41,0.36,377.88,109.25,1.17,114.92,14.28,2.45,0.30,0.41,0.18,0.02,0.05,0.01,-0.243,0.544,50.18,5.48,79.72,105.07,8.98,147702.03,104.63,0.49,111.17,6.66,-0.86,1.80,1.22,-4.47,1.71,15.03,57.98,56.01,83.681
2017Q4,2783739.445,102.27,159.95,126.17,4776652.241,5928285.236,10704937.48,18522.00,66.81,103.06,41.82,51.91,93.73,163.50,1.88,2.69,2.39,0.01,1.32,1.18,1.45,1.31,1.46,1.30,0.48,391.03,110.66,1.18,115.51,12.86,2.66,0.23,0.44,0.01,0.11,0.05,0.00,-0.213,0.543,58.68,6.67,79.26,107.20,8.75,148172.94,105.07,0.65,113.43,9.05,2.40,0.96,1.47,-3.12,3.90,16.28,60.67,57.23,83.796
2018Q1,2785225.589,102.80,162.55,127.24,4823052.85,5975244.4,10798297.25,18642.00,67.59,103.46,42.04,52.08,94.12,162.30,1.83,2.69,2.38,-0.03,1.49,1.35,1.51,1.32,1.49,1.45,0.35,384.98,112.02,1.23,117.17,17.15,1.50,-0.37,0.31,0.02,-0.05,0.08,0.02,-0.260,0.504,64.62,6.69,83.43,105.33,8.61,148428.15,104.90,0.75,113.23,8.43,5.08,0.97,1.47,-3.53,3.65,17.02,58.85,57.03,83.719
2018Q2,2799088.959,103.33,165.24,128.54,4877198.061,6019948.545,10897146.61,18814.00,68.14,103.65,42.16,52.04,94.19,163.00,1.81,2.68,2.36,0.09,1.54,1.40,1.47,1.27,1.39,1.41,0.30,386.32,113.24,1.19,116.62,14.91,1.52,-0.17,0.27,-0.13,-0.06,0.08,0.04,-0.259,0.483,71.40,7.29,83.31,105.77,8.33,149278.99,105.93,0.52,111.63,7.31,5.63,1.81,1.36,-4.76,0.34,15.18,55.07,54.69,83.736
2018Q3,2802113.687,103.88,167.82,129.52,4929195.292,6068736.265,10997931.56,18969.00,68.84,103.90,42.39,52.18,94.57,162.80,1.76,2.67,2.34,0.11,1.61,1.47,1.41,1.12,1.35,1.44,0.26,380.88,114.70,1.16,118.09,14.25,1.40,-0.68,0.18,-0.06,-0.19,0.07,0.03,-0.211,0.445,73.04,8.40,80.40,105.33,8.03,149634.73,106.03,0.43,109.90,5.19,7.54,4.38,1.19,-5.56,0.75,14.43,53.96,54.31,83.865
2018Q4,2816630.959,104.25,170.68,131.14,4970369.931,6118226.473,11088596.4,19045.00,69.30,104.13,42.31,52.08,94.38,161.90,1.80,2.64,2.33,0.27,1.71,1.53,1.47,1.06,1.40,1.54,0.39,348.50,115.94,1.14,117.17,19.28,0.74,-0.36,0.12,-0.76,-0.31,0.08,0.14,-0.235,0.387,64.33,8.34,78.59,104.97,7.96,149960.89,106.83,0.30,108.67,3.59,9.06,5.23,0.94,-6.32,-0.45,13.03,50.99,52.29,83.523
2019Q1,2837616.922,104.20,173.53,132.67,5004490.553,6171111.331,11175601.88,19129.00,69.70,104.21,42.14,51.96,94.10,162.00,1.77,2.63,2.33,0.35,1.41,1.22,1.34,1.06,1.21,1.25,0.23,353.74,116.64,1.14,115.69,15.48,1.19,0.19,0.26,-0.04,0.00,0.13,0.12,-0.209,0.482,60.50,6.15,79.82,105.53,7.82,150435.61,107.63,0.06,106.43,-0.34,8.62,7.01,0.65,-6.51,0.21,12.64,49.02,51.49,83.125
2019Q2,2844164.97,104.74,177.26,134.67,5069650.94,6220342.139,11289993.08,19283.00,70.73,105.09,42.41,52.03,94.44,162.70,1.72,2.56,2.27,0.34,1.12,0.94,1.07,0.80,0.97,0.97,0.22,372.70,118.18,1.12,115.64,14.79,1.50,0.24,0.38,-0.10,0.10,0.09,0.07,-0.162,0.544,65.06,4.28,79.82,105.00,7.65,151143.99,108.27,0.20,104.43,-3.78,7.11,8.82,0.36,-6.58,-0.35,12.07,48.46,51.84,82.517
2019Q3,2852147.604,104.96,181.35,136.72,5106541.696,6275559.39,11382101.09,19511.00,71.87,105.96,42.42,52.13,94.55,163.00,1.76,2.50,2.26,0.51,0.56,0.49,0.69,0.57,0.59,0.39,0.22,374.43,119.40,1.11,115.61,15.86,1.79,0.59,0.50,0.09,0.34,0.07,0.08,-0.155,0.610,59.73,3.83,75.80,104.23,7.47,150940.58,108.93,0.27,101.90,-6.98,5.58,9.70,-0.04,-6.76,-0.75,8.82,46.98,51.17,82.051
2019Q4,2849855.841,105.30,184.73,138.20,5128655.757,6338117.782,11466773.54,19564.00,72.85,106.59,42.40,52.40,94.80,161.70,1.80,2.41,2.20,0.44,0.67,0.55,0.71,0.64,0.61,0.58,0.22,394.04,120.89,1.11,114.83,14.07,2.08,0.65,0.50,0.21,0.41,0.05,0.05,-0.141,0.631,60.34,4.94,76.75,103.43,7.48,151501.19,109.03,0.28,101.63,-8.01,5.84,10.26,-0.18,-7.27,-0.09,10.19,46.70,50.73,81.169
2020Q1,2749734.207,105.37,188.92,140.69,5281955.311,6382398.263,11664353.57,19702.00,76.95,112.07,45.10,54.50,99.60,163.60,1.75,2.37,2.17,0.84,0.68,0.54,0.68,0.59,0.56,0.54,0.19,374.18,122.57,1.10,115.15,29.69,1.25,0.36,0.37,-0.82,0.01,0.13,0.19,-0.125,0.695,49.06,3.09,77.02,100.27,7.36,151112.08,106.30,0.27,101.43,-6.88,4.14,6.57,-0.06,-8.65,-2.45,7.93,45.05,44.18,80.703
2020Q2,2427615.724,104.96,199.22,146.44,5432530.605,6410614.63,11843145.24,19905.00,90.76,130.47,51.88,61.22,113.10,171.80,1.62,2.21,2.01,1.01,0.76,0.57,0.70,0.57,0.57,0.67,0.26,328.76,124.17,1.10,118.03,35.68,0.79,-0.35,0.31,-0.89,-0.39,0.26,0.36,0.025,0.779,30.29,1.82,73.55,84.87,7.73,146739.00,101.07,-0.54,67.57,-29.12,-16.86,13.66,-2.47,-19.74,-29.92,-45.63,34.21,31.32,66.515
2020Q3,2738571.593,104.89,205.95,150.32,5470259.736,6469750.413,11940010.15,20021.00,84.06,119.98,46.80,55.36,102.16,174.00,1.87,2.37,2.19,0.65,0.64,0.52,0.62,0.55,0.49,0.45,0.08,361.00,125.71,1.17,121.71,25.63,0.86,-1.49,0.58,0.04,-0.48,0.18,0.12,0.016,0.838,42.04,2.87,77.27,98.23,8.52,147959.74,111.87,-1.42,89.80,-11.43,-9.15,8.78,-1.42,-13.81,-9.88,-16.07,56.01,52.39,72.949
2020Q4,2727290.741,105.03,211.82,153.66,5493970.589,6535158.174,12029128.76,20176.00,86.25,122.35,46.89,55.78,102.68,175.70,1.95,2.37,2.21,0.45,0.47,0.43,0.56,0.51,0.42,0.27,0.17,375.62,128.11,1.19,122.30,24.69,1.23,-1.42,0.77,-0.07,-0.25,0.13,0.07,0.066,0.875,43.64,5.19,82.41,103.57,8.27,148472.03,110.67,0.20,94.37,-5.58,-5.40,3.46,-0.33,-14.50,-8.13,-9.90,56.67,48.14,78.038
2021Q1,2724651.814,106.35,218.13,157.03,5560211.993,6594327.105,12154539.1,20445.59,88.36,124.38,47.21,55.99,103.20,177.70,1.87,2.36,2.19,0.33,0.59,0.55,0.62,0.58,0.51,0.40,0.06,411.84,130.22,1.21,121.71,21.43,1.89,-1.23,0.82,0.39,-0.03,0.06,0.01,0.097,0.700,59.30,6.52,85.48,104.87,8.20,148227.31,108.87,1.10,99.00,0.38,-2.45,0.31,0.24,-12.28,-13.88,-6.92,58.48,49.93,79.160
2021Q2,2780843.845,106.90,223.03,159.31,5535461.612,6666134.955,12201596.57,20493.80,88.09,123.04,45.83,55.19,101.02,173.30,1.93,2.34,2.20,0.27,0.84,0.78,0.84,0.75,0.72,0.63,0.09,446.40,133.08,1.21,121.89,18.53,2.47,-1.24,0.75,0.70,0.12,0.04,0.01,0.121,0.675,67.05,8.79,84.86,105.13,8.06,150137.96,113.23,0.96,110.70,9.26,3.46,-3.49,1.24,-5.69,-1.43,6.36,62.70,56.79,80.762
2021Q3,2846150.62,108.06,228.71,162.02,5586451.669,6735121.576,12321573.24,20715.67,87.27,120.90,44.69,53.88,98.56,172.10,1.91,2.35,2.20,0.27,0.69,0.63,0.75,0.68,0.62,0.48,0.11,462.63,137.05,1.18,120.52,19.56,2.78,-0.82,0.47,0.58,0.29,0.05,0.01,0.132,0.587,71.65,16.93,82.81,103.83,7.50,151799.64,114.60,0.87,117.47,13.64,6.08,-6.53,1.64,-4.15,4.84,17.37,58.56,58.45,82.984
2021Q4,2857268.121,109.88,233.40,164.87,5732437.611,6807900.382,12540337.99,21131.75,88.01,121.57,45.31,53.81,99.12,171.20,1.84,2.36,2.17,0.32,0.88,0.80,0.91,0.78,0.78,0.66,0.25,469.74,140.15,1.14,119.09,20.54,2.92,-0.57,0.39,0.25,0.31,0.06,0.05,0.229,0.423,78.28,32.23,84.88,103.93,7.12,152755.74,115.23,0.36,115.77,13.77,9.96,-5.94,1.74,-7.55,3.09,16.20,53.62,54.30,82.658
2022Q1,2871498.722,112.88,237.85,167.02,5789013.652,6893058.815,12682072.47,21343.97,88.44,121.45,45.13,53.73,98.86,169.40,1.87,2.40,2.20,0.37,1.37,1.19,1.11,0.85,1.00,1.17,0.16,448.61,143.03,1.12,118.63,29.18,2.43,-0.54,0.19,0.15,0.06,0.17,0.18,0.126,0.272,96.62,32.63,87.30,104.63,6.83,153915.45,114.57,0.46,111.10,11.86,9.46,-4.59,1.77,-13.65,1.85,12.52,54.66,54.22,82.395
2022Q2,2891267.444,115.51,240.35,168.63,5910451.999,6973474.23,12805526.11,21635.59,88.37,121.24,45.55,53.75,98.69,169.77,1.78,2.51,2.32,0.50,2.32,1.58,1.37,0.89,1.23,2.25,0.25,414.02,144.55,1.07,116.39,28.72,1.35,-0.49,-0.11,-0.71,-0.32,0.28,0.41,0.089,0.162,110.10,31.64,86.31,105.80,6.60,154712.32,113.70,0.81,104.27,6.94,5.42,-1.03,1.44,-22.39,-4.52,13.59,50.42,54.19,82.540